"user_login","n"
"stephen_thorpe",1164
"joknight_nz",81
"nhudson",71
"littlecrowinahat",57
"jw_nz",38
"tomasblokker",25
"invertebratist",23
"soupiesol",20
"zosterops99",19
"leafveiled",15
"jonno37",13
"mikemasse",13
"jackjumper_vince",12
"jsimons",12
"chipjustin",11
"linlucaa",11
"cspyb",10
"rishud",9
"charlotte_sutton1",8
"ecotechy",8
"jeffcai",8
"jerryscv",8
"nbir012",8
"reshnu_sheela",8
"aucklandgnome",7
"dillpickle2802",7
"jade_watkins",7
"kererucount",7
"marco_mma243",7
"nate_ollie_k",7
"sean-mg",7
"yijia8",7
"yunaan",7
"al45",6
"carabidave",6
"gugugugugugugugu",6
"roselirli",6
"zzho096",6
"angieandtheants",5
"beatcram",5
"belinda111111",5
"chloehuman",5
"erin0317",5
"flick233",5
"harrison691",5
"irenechandc",5
"jessiewang12138",5
"jinhuining",5
"kbutcher",5
"kererukade",5
"klam618",5
"sabecker",5
"sjin202",5
"sorceras",5
"spil030",5
"alex-johnson",4
"ameliacmnz",4
"badwinston",4
"carrrat",4
"celine78849",4
"chengkaiy",4
"cynthiaaaaa365",4
"drobmun",4
"ellarosev",4
"elsal",4
"glebglub",4
"isaaacas",4
"jason_zhou_",4
"jlao092",4
"kthr1ne",4
"lw050806",4
"matthewes",4
"rbtmhk",4
"vchu805",4
"werz",4
"wwwwwww3",4
"yijiacao",4
"andyli04",3
"carol_li",3
"dijia",3
"dsearchfield",3
"hlee791",3
"isabelle797",3
"janellybean",3
"jiaying666",3
"john18155",3
"joycey07",3
"junhuixie",3
"kamya2",3
"kizzie1",3
"lanavictoria",3
"milapower",3
"morganemerien",3
"ngaihart_ngarohuruhuru",3
"nzgardenbirdsurvey",3
"obs11jan22",3
"steviakiwi23",3
"suljettu007",3
"tharun_thiruarunathan",3
"yusun20",3
"zdnsnk07",3
"afiqah",2
"aime45791",2
"alana_rodrigues_birch",2
"alissa122905",2
"amandah222",2
"amyli161",2
"awat179",2
"brendandoogan",2
"christabellechiam",2
"czmzrzn",2
"dani305080",2
"dcoling",2
"ecyy",2
"elin517",2
"elisexyg",2
"elouise_111",2
"ethan59900",2
"ethan_parker",2
"hamizah",2
"hjcroft",2
"hopukiore",2
"jaypatel11",2
"johnnewm",2
"joshcmpbll",2
"juan_arteaga",2
"juliepop",2
"kdsouza",2
"kinow",2
"motagrad",2
"mothbrain",2
"paddy18",2
"quercus_lewis",2
"rswartman",2
"soraph10",2
"ss_t",2
"ssal351",2
"tdel7",2
"violetvioletviolet",2
"willowillowillow",2
"wugaga",2
"yashvi1720",2
"yayabenzvi",2
"abbeybrowne",1
"achellew",1
"alex_rhc",1
"alienatethis",1
"allison20429",1
"amandaann",1
"annemcmillan",1
"bcur155",1
"berit1008",1
"bowenyin23",1
"brachioteuthis",1
"carrat",1
"chanelpoomphuang",1
"christia_baterina",1
"coongoola",1
"danhikuroa",1
"ecoellis",1
"emilyjadesmith",1
"emmacas",1
"emmalielee",1
"emz_101",1
"erikajbrock",1
"erincpow",1
"evanapiskulic",1
"flofang",1
"greatkererucount",1
"greg_holwell",1
"haddy3",1
"houzes",1
"ian_mcallan",1
"jamiegibson",1
"jawba",1
"jeanro",1
"jetdot37",1
"joetollemache",1
"joeylatsha",1
"jxu343",1
"kalopsia",1
"keegan7040",1
"kekerengu",1
"kimberlywalks",1
"kpapoulias",1
"lauramcclintock",1
"leahfoxn",1
"louis91312",1
"malva_l",1
"mattyratty",1
"mcstanley",1
"meurkc",1
"miguel-mejias1987",1
"mios424",1
"mononymous",1
"mouyancheng",1
"mrh1618",1
"p_sch",1
"patrickchen",1
"peterliu",1
"philip_mccrory",1
"pittosporum",1
"pjd1",1
"plants_and_pottery",1
"prosanta",1
"psathyrella",1
"qgroom",1
"quinlanmmann",1
"ray_sauce",1
"rcle703",1
"rkl",1
"rosemarykb",1
"ryvesie",1
"sararozmus",1
"seaslugluvr97",1
"shantabmgr",1
"shepybara",1
"stbobservations",1
"stellarmcdonald",1
"tegan_bromhead",1
"thefrogs",1
"thomas_stolberger",1
"tiacarden",1
"tjac444",1
"turribratopsis",1
"waynemcdougall",1
"werm123",1
"yong71068",1
"younis_menkara",1
